,null
0,23:ora
1,23:Luni - Vineri
2,23:Sâmbătă
3,23:Duminică
4,23:ora
5,23:05
6,23:47
7,23:05
8,23:06
9,23:22
10,23:47
11,23:02
12,23:57
13,23:02
14,23:57
15,23:06
16,23:07
17,23:02
18,23:17
19,23:32
20,23:53
21,23:22
22,23:49
23,23:22
24,23:49
25,23:07
26,23:08
27,23:15
28,23:37
29,23:16
30,23:42
31,23:16
32,23:42
33,23:08
34,23:09
35,23:02
36,23:23
37,23:45
38,23:10
39,23:38
40,23:10
41,23:38
42,23:09
43,23:10
44,23:05
45,23:35
46,23:36
47,23:36
48,23:10
49,23:11
50,23:05
51,23:35
52,23:04
53,23:04
54,23:11
55,23:12
56,23:05
57,23:35
58,23:01
59,23:30
60,23:58
61,23:01
62,23:30
63,23:58
64,23:12
65,23:13
66,23:05
67,23:35
68,23:27
69,23:56
70,23:27
71,23:56
72,23:13
73,23:14
74,23:06
75,23:35
76,23:24
77,23:53
78,23:24
79,23:53
80,23:14
81,23:15
82,23:34
83,23:52
84,23:22
85,23:22
86,23:15
87,23:16
88,23:10
89,23:28
90,23:46
91,23:19
92,23:48
93,23:19
94,23:48
95,23:16
96,23:17
97,23:04
98,23:22
99,23:40
100,23:58
101,23:16
102,23:45
103,23:16
104,23:45
105,23:17
106,23:18
107,23:16
108,23:52
109,23:42
110,23:57
111,23:42
112,23:57
113,23:18
114,23:19
115,23:13
116,23:44
117,23:59
118,23:40
119,23:40
120,23:19
121,23:20
122,23:38
123,23:20
124,23:59
125,23:20
126,23:59
127,23:20
128,23:21
129,23:18
130,23:57
131,23:39
132,23:39
133,23:21
134,23:22
135,23:37
136,23:18
137,23:18
138,23:23
